,Hours Studied,Previous Scores,Extracurricular Activities,Sleep Hours,Sample Question Papers Practiced,f1
count,7000.0,7000.0,7000.0,7000.0,7000.0,7000.0
mean,5.006571428571428,69.40657142857143,0.49985714285714283,6.524571428571429,4.571428571428571,74.41314285714286
std,2.591866825500957,17.355880536181687,0.500035697703079,1.6987667595216147,2.869756615297759,17.525696810707267
min,1.0,40.0,0.0,4.0,0.0,41.0
25%,3.0,54.0,0.0,5.0,2.0,60.0
50%,5.0,69.0,0.0,7.0,5.0,74.0
75%,7.0,85.0,1.0,8.0,7.0,90.0
max,9.0,99.0,1.0,9.0,9.0,108.0
