,Hours Studied,Previous Scores,Extracurricular Activities,Sleep Hours,Sample Question Papers Practiced,f1
count,3000.0,3000.0,3000.0,3000.0,3000.0,3000.0
mean,4.961,69.537,0.483,6.544666666666667,4.611,74.498
std,2.583480299289882,17.315963112867138,0.499794222410502,1.6892669306960548,2.8620055949179735,17.454766845436318
min,1.0,40.0,0.0,4.0,0.0,41.0
25%,3.0,55.0,0.0,5.0,2.0,60.0
50%,5.0,70.0,0.0,7.0,5.0,75.0
75%,7.0,84.0,1.0,8.0,7.0,89.0
max,9.0,99.0,1.0,9.0,9.0,108.0
