{"LinearRegression": [4.152162345592299, 0.9886242370062446, 2.0376855364830706], "ElasticNet": [4.595045126975379, 0.9874108621100589, 2.143605636999348]}